account_code,account_type,entity_id,currency,category,country,status
PSP_RECEIVABLES.GLOBAL.EUR,PSP_RECEIVABLES,GLOBAL,EUR,ASSET,NL,ACTIVE
AUTH_RECEIVABLE.GLOBAL.EUR,AUTH_RECEIVABLE,GLOBAL,EUR,ASSET,NL,ACTIVE
AUTH_LIABILITY.GLOBAL.EUR,AUTH_LIABILITY,GLOBAL,EUR,LIABILITY,NL,ACTIVE
PROCESSING_FEE_REVENUE.GLOBAL.EUR,PROCESSING_FEE_REVENUE,GLOBAL,EUR,REVENUE,NL,ACTIVE
MARKETPLACE_OPERATOR.MARKETPLACE-1.EUR,MARKETPLACE_OPERATOR,MARKETPLACE-1,EUR,LIABILITY,NL,ACTIVE
PLATFORM_COMMISSION_ESCROW.MARKETPLACE-1.EUR,PLATFORM_COMMISSION_ESCROW,MARKETPLACE-1,EUR,LIABILITY,NL,ACTIVE
MARKETPLACE_SUB_SELLER.SELLER-1-1.EUR,MARKETPLACE_SUB_SELLER,SELLER-1-1,EUR,LIABILITY,NL,ACTIVE
MARKETPLACE_SUB_SELLER.SELLER-1-2.EUR,MARKETPLACE_SUB_SELLER,SELLER-1-2,EUR,LIABILITY,NL,ACTIVE
MARKETPLACE_SUB_SELLER.SELLER-1-3.EUR,MARKETPLACE_SUB_SELLER,SELLER-1-3,EUR,LIABILITY,NL,ACTIVE
MARKETPLACE_SUB_SELLER.SELLER-1-4.EUR,MARKETPLACE_SUB_SELLER,SELLER-1-4,EUR,LIABILITY,NL,ACTIVE
MARKETPLACE_SUB_SELLER.SELLER-1-5.EUR,MARKETPLACE_SUB_SELLER,SELLER-1-5,EUR,LIABILITY,NL,ACTIVE
MARKETPLACE_SUB_SELLER.SELLER-1-6.EUR,MARKETPLACE_SUB_SELLER,SELLER-1-6,EUR,LIABILITY,NL,ACTIVE
MARKETPLACE_SUB_SELLER.SELLER-1-7.EUR,MARKETPLACE_SUB_SELLER,SELLER-1-7,EUR,LIABILITY,NL,ACTIVE
MARKETPLACE_SUB_SELLER.SELLER-1-8.EUR,MARKETPLACE_SUB_SELLER,SELLER-1-8,EUR,LIABILITY,NL,ACTIVE
MARKETPLACE_SUB_SELLER.SELLER-1-9.EUR,MARKETPLACE_SUB_SELLER,SELLER-1-9,EUR,LIABILITY,NL,ACTIVE
MARKETPLACE_SUB_SELLER.SELLER-1-10.EUR,MARKETPLACE_SUB_SELLER,SELLER-1-10,EUR,LIABILITY,NL,ACTIVE
MARKETPLACE_OPERATOR.MARKETPLACE-2.EUR,MARKETPLACE_OPERATOR,MARKETPLACE-2,EUR,LIABILITY,NL,ACTIVE
PLATFORM_COMMISSION_ESCROW.MARKETPLACE-2.EUR,PLATFORM_COMMISSION_ESCROW,MARKETPLACE-2,EUR,LIABILITY,NL,ACTIVE
MARKETPLACE_SUB_SELLER.SELLER-2-1.EUR,MARKETPLACE_SUB_SELLER,SELLER-2-1,EUR,LIABILITY,NL,ACTIVE
MARKETPLACE_SUB_SELLER.SELLER-2-2.EUR,MARKETPLACE_SUB_SELLER,SELLER-2-2,EUR,LIABILITY,NL,ACTIVE
MARKETPLACE_SUB_SELLER.SELLER-2-3.EUR,MARKETPLACE_SUB_SELLER,SELLER-2-3,EUR,LIABILITY,NL,ACTIVE
MARKETPLACE_SUB_SELLER.SELLER-2-4.EUR,MARKETPLACE_SUB_SELLER,SELLER-2-4,EUR,LIABILITY,NL,ACTIVE
MARKETPLACE_SUB_SELLER.SELLER-2-5.EUR,MARKETPLACE_SUB_SELLER,SELLER-2-5,EUR,LIABILITY,NL,ACTIVE
MARKETPLACE_SUB_SELLER.SELLER-2-6.EUR,MARKETPLACE_SUB_SELLER,SELLER-2-6,EUR,LIABILITY,NL,ACTIVE
MARKETPLACE_SUB_SELLER.SELLER-2-7.EUR,MARKETPLACE_SUB_SELLER,SELLER-2-7,EUR,LIABILITY,NL,ACTIVE
MARKETPLACE_SUB_SELLER.SELLER-2-8.EUR,MARKETPLACE_SUB_SELLER,SELLER-2-8,EUR,LIABILITY,NL,ACTIVE
MARKETPLACE_SUB_SELLER.SELLER-2-9.EUR,MARKETPLACE_SUB_SELLER,SELLER-2-9,EUR,LIABILITY,NL,ACTIVE
MARKETPLACE_SUB_SELLER.SELLER-2-10.EUR,MARKETPLACE_SUB_SELLER,SELLER-2-10,EUR,LIABILITY,NL,ACTIVE
MARKETPLACE_OPERATOR.MARKETPLACE-3.EUR,MARKETPLACE_OPERATOR,MARKETPLACE-3,EUR,LIABILITY,NL,ACTIVE
PLATFORM_COMMISSION_ESCROW.MARKETPLACE-3.EUR,PLATFORM_COMMISSION_ESCROW,MARKETPLACE-3,EUR,LIABILITY,NL,ACTIVE
MARKETPLACE_SUB_SELLER.SELLER-3-1.EUR,MARKETPLACE_SUB_SELLER,SELLER-3-1,EUR,LIABILITY,NL,ACTIVE
MARKETPLACE_SUB_SELLER.SELLER-3-2.EUR,MARKETPLACE_SUB_SELLER,SELLER-3-2,EUR,LIABILITY,NL,ACTIVE
MARKETPLACE_SUB_SELLER.SELLER-3-3.EUR,MARKETPLACE_SUB_SELLER,SELLER-3-3,EUR,LIABILITY,NL,ACTIVE
MARKETPLACE_SUB_SELLER.SELLER-3-4.EUR,MARKETPLACE_SUB_SELLER,SELLER-3-4,EUR,LIABILITY,NL,ACTIVE
MARKETPLACE_SUB_SELLER.SELLER-3-5.EUR,MARKETPLACE_SUB_SELLER,SELLER-3-5,EUR,LIABILITY,NL,ACTIVE
MARKETPLACE_SUB_SELLER.SELLER-3-6.EUR,MARKETPLACE_SUB_SELLER,SELLER-3-6,EUR,LIABILITY,NL,ACTIVE
MARKETPLACE_SUB_SELLER.SELLER-3-7.EUR,MARKETPLACE_SUB_SELLER,SELLER-3-7,EUR,LIABILITY,NL,ACTIVE
MARKETPLACE_SUB_SELLER.SELLER-3-8.EUR,MARKETPLACE_SUB_SELLER,SELLER-3-8,EUR,LIABILITY,NL,ACTIVE
MARKETPLACE_SUB_SELLER.SELLER-3-9.EUR,MARKETPLACE_SUB_SELLER,SELLER-3-9,EUR,LIABILITY,NL,ACTIVE
MARKETPLACE_SUB_SELLER.SELLER-3-10.EUR,MARKETPLACE_SUB_SELLER,SELLER-3-10,EUR,LIABILITY,NL,ACTIVE
MARKETPLACE_OPERATOR.MARKETPLACE-4.EUR,MARKETPLACE_OPERATOR,MARKETPLACE-4,EUR,LIABILITY,NL,ACTIVE
PLATFORM_COMMISSION_ESCROW.MARKETPLACE-4.EUR,PLATFORM_COMMISSION_ESCROW,MARKETPLACE-4,EUR,LIABILITY,NL,ACTIVE
MARKETPLACE_SUB_SELLER.SELLER-4-1.EUR,MARKETPLACE_SUB_SELLER,SELLER-4-1,EUR,LIABILITY,NL,ACTIVE
MARKETPLACE_SUB_SELLER.SELLER-4-2.EUR,MARKETPLACE_SUB_SELLER,SELLER-4-2,EUR,LIABILITY,NL,ACTIVE
MARKETPLACE_SUB_SELLER.SELLER-4-3.EUR,MARKETPLACE_SUB_SELLER,SELLER-4-3,EUR,LIABILITY,NL,ACTIVE
MARKETPLACE_SUB_SELLER.SELLER-4-4.EUR,MARKETPLACE_SUB_SELLER,SELLER-4-4,EUR,LIABILITY,NL,ACTIVE
MARKETPLACE_SUB_SELLER.SELLER-4-5.EUR,MARKETPLACE_SUB_SELLER,SELLER-4-5,EUR,LIABILITY,NL,ACTIVE
MARKETPLACE_SUB_SELLER.SELLER-4-6.EUR,MARKETPLACE_SUB_SELLER,SELLER-4-6,EUR,LIABILITY,NL,ACTIVE
MARKETPLACE_SUB_SELLER.SELLER-4-7.EUR,MARKETPLACE_SUB_SELLER,SELLER-4-7,EUR,LIABILITY,NL,ACTIVE
MARKETPLACE_SUB_SELLER.SELLER-4-8.EUR,MARKETPLACE_SUB_SELLER,SELLER-4-8,EUR,LIABILITY,NL,ACTIVE
MARKETPLACE_SUB_SELLER.SELLER-4-9.EUR,MARKETPLACE_SUB_SELLER,SELLER-4-9,EUR,LIABILITY,NL,ACTIVE
MARKETPLACE_SUB_SELLER.SELLER-4-10.EUR,MARKETPLACE_SUB_SELLER,SELLER-4-10,EUR,LIABILITY,NL,ACTIVE
MARKETPLACE_OPERATOR.MARKETPLACE-5.EUR,MARKETPLACE_OPERATOR,MARKETPLACE-5,EUR,LIABILITY,NL,ACTIVE
PLATFORM_COMMISSION_ESCROW.MARKETPLACE-5.EUR,PLATFORM_COMMISSION_ESCROW,MARKETPLACE-5,EUR,LIABILITY,NL,ACTIVE
MARKETPLACE_SUB_SELLER.SELLER-5-1.EUR,MARKETPLACE_SUB_SELLER,SELLER-5-1,EUR,LIABILITY,NL,ACTIVE
MARKETPLACE_SUB_SELLER.SELLER-5-2.EUR,MARKETPLACE_SUB_SELLER,SELLER-5-2,EUR,LIABILITY,NL,ACTIVE
MARKETPLACE_SUB_SELLER.SELLER-5-3.EUR,MARKETPLACE_SUB_SELLER,SELLER-5-3,EUR,LIABILITY,NL,ACTIVE
MARKETPLACE_SUB_SELLER.SELLER-5-4.EUR,MARKETPLACE_SUB_SELLER,SELLER-5-4,EUR,LIABILITY,NL,ACTIVE
MARKETPLACE_SUB_SELLER.SELLER-5-5.EUR,MARKETPLACE_SUB_SELLER,SELLER-5-5,EUR,LIABILITY,NL,ACTIVE
MARKETPLACE_SUB_SELLER.SELLER-5-6.EUR,MARKETPLACE_SUB_SELLER,SELLER-5-6,EUR,LIABILITY,NL,ACTIVE
MARKETPLACE_SUB_SELLER.SELLER-5-7.EUR,MARKETPLACE_SUB_SELLER,SELLER-5-7,EUR,LIABILITY,NL,ACTIVE
MARKETPLACE_SUB_SELLER.SELLER-5-8.EUR,MARKETPLACE_SUB_SELLER,SELLER-5-8,EUR,LIABILITY,NL,ACTIVE
MARKETPLACE_SUB_SELLER.SELLER-5-9.EUR,MARKETPLACE_SUB_SELLER,SELLER-5-9,EUR,LIABILITY,NL,ACTIVE
MARKETPLACE_SUB_SELLER.SELLER-5-10.EUR,MARKETPLACE_SUB_SELLER,SELLER-5-10,EUR,LIABILITY,NL,ACTIVE
MARKETPLACE_OPERATOR.MARKETPLACE-6.EUR,MARKETPLACE_OPERATOR,MARKETPLACE-6,EUR,LIABILITY,NL,ACTIVE
PLATFORM_COMMISSION_ESCROW.MARKETPLACE-6.EUR,PLATFORM_COMMISSION_ESCROW,MARKETPLACE-6,EUR,LIABILITY,NL,ACTIVE
MARKETPLACE_SUB_SELLER.SELLER-6-1.EUR,MARKETPLACE_SUB_SELLER,SELLER-6-1,EUR,LIABILITY,NL,ACTIVE
MARKETPLACE_SUB_SELLER.SELLER-6-2.EUR,MARKETPLACE_SUB_SELLER,SELLER-6-2,EUR,LIABILITY,NL,ACTIVE
MARKETPLACE_SUB_SELLER.SELLER-6-3.EUR,MARKETPLACE_SUB_SELLER,SELLER-6-3,EUR,LIABILITY,NL,ACTIVE
MARKETPLACE_SUB_SELLER.SELLER-6-4.EUR,MARKETPLACE_SUB_SELLER,SELLER-6-4,EUR,LIABILITY,NL,ACTIVE
MARKETPLACE_SUB_SELLER.SELLER-6-5.EUR,MARKETPLACE_SUB_SELLER,SELLER-6-5,EUR,LIABILITY,NL,ACTIVE
MARKETPLACE_SUB_SELLER.SELLER-6-6.EUR,MARKETPLACE_SUB_SELLER,SELLER-6-6,EUR,LIABILITY,NL,ACTIVE
MARKETPLACE_SUB_SELLER.SELLER-6-7.EUR,MARKETPLACE_SUB_SELLER,SELLER-6-7,EUR,LIABILITY,NL,ACTIVE
MARKETPLACE_SUB_SELLER.SELLER-6-8.EUR,MARKETPLACE_SUB_SELLER,SELLER-6-8,EUR,LIABILITY,NL,ACTIVE
MARKETPLACE_SUB_SELLER.SELLER-6-9.EUR,MARKETPLACE_SUB_SELLER,SELLER-6-9,EUR,LIABILITY,NL,ACTIVE
MARKETPLACE_SUB_SELLER.SELLER-6-10.EUR,MARKETPLACE_SUB_SELLER,SELLER-6-10,EUR,LIABILITY,NL,ACTIVE
MARKETPLACE_OPERATOR.MARKETPLACE-7.EUR,MARKETPLACE_OPERATOR,MARKETPLACE-7,EUR,LIABILITY,NL,ACTIVE
PLATFORM_COMMISSION_ESCROW.MARKETPLACE-7.EUR,PLATFORM_COMMISSION_ESCROW,MARKETPLACE-7,EUR,LIABILITY,NL,ACTIVE
MARKETPLACE_SUB_SELLER.SELLER-7-1.EUR,MARKETPLACE_SUB_SELLER,SELLER-7-1,EUR,LIABILITY,NL,ACTIVE
MARKETPLACE_SUB_SELLER.SELLER-7-2.EUR,MARKETPLACE_SUB_SELLER,SELLER-7-2,EUR,LIABILITY,NL,ACTIVE
MARKETPLACE_SUB_SELLER.SELLER-7-3.EUR,MARKETPLACE_SUB_SELLER,SELLER-7-3,EUR,LIABILITY,NL,ACTIVE
MARKETPLACE_SUB_SELLER.SELLER-7-4.EUR,MARKETPLACE_SUB_SELLER,SELLER-7-4,EUR,LIABILITY,NL,ACTIVE
MARKETPLACE_SUB_SELLER.SELLER-7-5.EUR,MARKETPLACE_SUB_SELLER,SELLER-7-5,EUR,LIABILITY,NL,ACTIVE
MARKETPLACE_SUB_SELLER.SELLER-7-6.EUR,MARKETPLACE_SUB_SELLER,SELLER-7-6,EUR,LIABILITY,NL,ACTIVE
MARKETPLACE_SUB_SELLER.SELLER-7-7.EUR,MARKETPLACE_SUB_SELLER,SELLER-7-7,EUR,LIABILITY,NL,ACTIVE
MARKETPLACE_SUB_SELLER.SELLER-7-8.EUR,MARKETPLACE_SUB_SELLER,SELLER-7-8,EUR,LIABILITY,NL,ACTIVE
MARKETPLACE_SUB_SELLER.SELLER-7-9.EUR,MARKETPLACE_SUB_SELLER,SELLER-7-9,EUR,LIABILITY,NL,ACTIVE
MARKETPLACE_SUB_SELLER.SELLER-7-10.EUR,MARKETPLACE_SUB_SELLER,SELLER-7-10,EUR,LIABILITY,NL,ACTIVE
MARKETPLACE_OPERATOR.MARKETPLACE-8.EUR,MARKETPLACE_OPERATOR,MARKETPLACE-8,EUR,LIABILITY,NL,ACTIVE
PLATFORM_COMMISSION_ESCROW.MARKETPLACE-8.EUR,PLATFORM_COMMISSION_ESCROW,MARKETPLACE-8,EUR,LIABILITY,NL,ACTIVE
MARKETPLACE_SUB_SELLER.SELLER-8-1.EUR,MARKETPLACE_SUB_SELLER,SELLER-8-1,EUR,LIABILITY,NL,ACTIVE
MARKETPLACE_SUB_SELLER.SELLER-8-2.EUR,MARKETPLACE_SUB_SELLER,SELLER-8-2,EUR,LIABILITY,NL,ACTIVE
MARKETPLACE_SUB_SELLER.SELLER-8-3.EUR,MARKETPLACE_SUB_SELLER,SELLER-8-3,EUR,LIABILITY,NL,ACTIVE
MARKETPLACE_SUB_SELLER.SELLER-8-4.EUR,MARKETPLACE_SUB_SELLER,SELLER-8-4,EUR,LIABILITY,NL,ACTIVE
MARKETPLACE_SUB_SELLER.SELLER-8-5.EUR,MARKETPLACE_SUB_SELLER,SELLER-8-5,EUR,LIABILITY,NL,ACTIVE
MARKETPLACE_SUB_SELLER.SELLER-8-6.EUR,MARKETPLACE_SUB_SELLER,SELLER-8-6,EUR,LIABILITY,NL,ACTIVE
MARKETPLACE_SUB_SELLER.SELLER-8-7.EUR,MARKETPLACE_SUB_SELLER,SELLER-8-7,EUR,LIABILITY,NL,ACTIVE
MARKETPLACE_SUB_SELLER.SELLER-8-8.EUR,MARKETPLACE_SUB_SELLER,SELLER-8-8,EUR,LIABILITY,NL,ACTIVE
MARKETPLACE_SUB_SELLER.SELLER-8-9.EUR,MARKETPLACE_SUB_SELLER,SELLER-8-9,EUR,LIABILITY,NL,ACTIVE
MARKETPLACE_SUB_SELLER.SELLER-8-10.EUR,MARKETPLACE_SUB_SELLER,SELLER-8-10,EUR,LIABILITY,NL,ACTIVE
MARKETPLACE_OPERATOR.MARKETPLACE-9.EUR,MARKETPLACE_OPERATOR,MARKETPLACE-9,EUR,LIABILITY,NL,ACTIVE
PLATFORM_COMMISSION_ESCROW.MARKETPLACE-9.EUR,PLATFORM_COMMISSION_ESCROW,MARKETPLACE-9,EUR,LIABILITY,NL,ACTIVE
MARKETPLACE_SUB_SELLER.SELLER-9-1.EUR,MARKETPLACE_SUB_SELLER,SELLER-9-1,EUR,LIABILITY,NL,ACTIVE
MARKETPLACE_SUB_SELLER.SELLER-9-2.EUR,MARKETPLACE_SUB_SELLER,SELLER-9-2,EUR,LIABILITY,NL,ACTIVE
MARKETPLACE_SUB_SELLER.SELLER-9-3.EUR,MARKETPLACE_SUB_SELLER,SELLER-9-3,EUR,LIABILITY,NL,ACTIVE
MARKETPLACE_SUB_SELLER.SELLER-9-4.EUR,MARKETPLACE_SUB_SELLER,SELLER-9-4,EUR,LIABILITY,NL,ACTIVE
MARKETPLACE_SUB_SELLER.SELLER-9-5.EUR,MARKETPLACE_SUB_SELLER,SELLER-9-5,EUR,LIABILITY,NL,ACTIVE
MARKETPLACE_SUB_SELLER.SELLER-9-6.EUR,MARKETPLACE_SUB_SELLER,SELLER-9-6,EUR,LIABILITY,NL,ACTIVE
MARKETPLACE_SUB_SELLER.SELLER-9-7.EUR,MARKETPLACE_SUB_SELLER,SELLER-9-7,EUR,LIABILITY,NL,ACTIVE
MARKETPLACE_SUB_SELLER.SELLER-9-8.EUR,MARKETPLACE_SUB_SELLER,SELLER-9-8,EUR,LIABILITY,NL,ACTIVE
MARKETPLACE_SUB_SELLER.SELLER-9-9.EUR,MARKETPLACE_SUB_SELLER,SELLER-9-9,EUR,LIABILITY,NL,ACTIVE
MARKETPLACE_SUB_SELLER.SELLER-9-10.EUR,MARKETPLACE_SUB_SELLER,SELLER-9-10,EUR,LIABILITY,NL,ACTIVE
MARKETPLACE_OPERATOR.MARKETPLACE-10.EUR,MARKETPLACE_OPERATOR,MARKETPLACE-10,EUR,LIABILITY,NL,ACTIVE
PLATFORM_COMMISSION_ESCROW.MARKETPLACE-10.EUR,PLATFORM_COMMISSION_ESCROW,MARKETPLACE-10,EUR,LIABILITY,NL,ACTIVE
MARKETPLACE_SUB_SELLER.SELLER-10-1.EUR,MARKETPLACE_SUB_SELLER,SELLER-10-1,EUR,LIABILITY,NL,ACTIVE
MARKETPLACE_SUB_SELLER.SELLER-10-2.EUR,MARKETPLACE_SUB_SELLER,SELLER-10-2,EUR,LIABILITY,NL,ACTIVE
MARKETPLACE_SUB_SELLER.SELLER-10-3.EUR,MARKETPLACE_SUB_SELLER,SELLER-10-3,EUR,LIABILITY,NL,ACTIVE
MARKETPLACE_SUB_SELLER.SELLER-10-4.EUR,MARKETPLACE_SUB_SELLER,SELLER-10-4,EUR,LIABILITY,NL,ACTIVE
MARKETPLACE_SUB_SELLER.SELLER-10-5.EUR,MARKETPLACE_SUB_SELLER,SELLER-10-5,EUR,LIABILITY,NL,ACTIVE
MARKETPLACE_SUB_SELLER.SELLER-10-6.EUR,MARKETPLACE_SUB_SELLER,SELLER-10-6,EUR,LIABILITY,NL,ACTIVE
MARKETPLACE_SUB_SELLER.SELLER-10-7.EUR,MARKETPLACE_SUB_SELLER,SELLER-10-7,EUR,LIABILITY,NL,ACTIVE
MARKETPLACE_SUB_SELLER.SELLER-10-8.EUR,MARKETPLACE_SUB_SELLER,SELLER-10-8,EUR,LIABILITY,NL,ACTIVE
MARKETPLACE_SUB_SELLER.SELLER-10-9.EUR,MARKETPLACE_SUB_SELLER,SELLER-10-9,EUR,LIABILITY,NL,ACTIVE
MARKETPLACE_SUB_SELLER.SELLER-10-10.EUR,MARKETPLACE_SUB_SELLER,SELLER-10-10,EUR,LIABILITY,NL,ACTIVE
MARKETPLACE_OPERATOR.MARKETPLACE-11.EUR,MARKETPLACE_OPERATOR,MARKETPLACE-11,EUR,LIABILITY,NL,ACTIVE
PLATFORM_COMMISSION_ESCROW.MARKETPLACE-11.EUR,PLATFORM_COMMISSION_ESCROW,MARKETPLACE-11,EUR,LIABILITY,NL,ACTIVE
MARKETPLACE_SUB_SELLER.SELLER-11-1.EUR,MARKETPLACE_SUB_SELLER,SELLER-11-1,EUR,LIABILITY,NL,ACTIVE
MARKETPLACE_SUB_SELLER.SELLER-11-2.EUR,MARKETPLACE_SUB_SELLER,SELLER-11-2,EUR,LIABILITY,NL,ACTIVE
MARKETPLACE_SUB_SELLER.SELLER-11-3.EUR,MARKETPLACE_SUB_SELLER,SELLER-11-3,EUR,LIABILITY,NL,ACTIVE
MARKETPLACE_SUB_SELLER.SELLER-11-4.EUR,MARKETPLACE_SUB_SELLER,SELLER-11-4,EUR,LIABILITY,NL,ACTIVE
MARKETPLACE_SUB_SELLER.SELLER-11-5.EUR,MARKETPLACE_SUB_SELLER,SELLER-11-5,EUR,LIABILITY,NL,ACTIVE
MARKETPLACE_SUB_SELLER.SELLER-11-6.EUR,MARKETPLACE_SUB_SELLER,SELLER-11-6,EUR,LIABILITY,NL,ACTIVE
MARKETPLACE_SUB_SELLER.SELLER-11-7.EUR,MARKETPLACE_SUB_SELLER,SELLER-11-7,EUR,LIABILITY,NL,ACTIVE
MARKETPLACE_SUB_SELLER.SELLER-11-8.EUR,MARKETPLACE_SUB_SELLER,SELLER-11-8,EUR,LIABILITY,NL,ACTIVE
MARKETPLACE_SUB_SELLER.SELLER-11-9.EUR,MARKETPLACE_SUB_SELLER,SELLER-11-9,EUR,LIABILITY,NL,ACTIVE
MARKETPLACE_SUB_SELLER.SELLER-11-10.EUR,MARKETPLACE_SUB_SELLER,SELLER-11-10,EUR,LIABILITY,NL,ACTIVE
MARKETPLACE_OPERATOR.MARKETPLACE-12.EUR,MARKETPLACE_OPERATOR,MARKETPLACE-12,EUR,LIABILITY,NL,ACTIVE
PLATFORM_COMMISSION_ESCROW.MARKETPLACE-12.EUR,PLATFORM_COMMISSION_ESCROW,MARKETPLACE-12,EUR,LIABILITY,NL,ACTIVE
MARKETPLACE_SUB_SELLER.SELLER-12-1.EUR,MARKETPLACE_SUB_SELLER,SELLER-12-1,EUR,LIABILITY,NL,ACTIVE
MARKETPLACE_SUB_SELLER.SELLER-12-2.EUR,MARKETPLACE_SUB_SELLER,SELLER-12-2,EUR,LIABILITY,NL,ACTIVE
MARKETPLACE_SUB_SELLER.SELLER-12-3.EUR,MARKETPLACE_SUB_SELLER,SELLER-12-3,EUR,LIABILITY,NL,ACTIVE
MARKETPLACE_SUB_SELLER.SELLER-12-4.EUR,MARKETPLACE_SUB_SELLER,SELLER-12-4,EUR,LIABILITY,NL,ACTIVE
MARKETPLACE_SUB_SELLER.SELLER-12-5.EUR,MARKETPLACE_SUB_SELLER,SELLER-12-5,EUR,LIABILITY,NL,ACTIVE
MARKETPLACE_SUB_SELLER.SELLER-12-6.EUR,MARKETPLACE_SUB_SELLER,SELLER-12-6,EUR,LIABILITY,NL,ACTIVE
MARKETPLACE_SUB_SELLER.SELLER-12-7.EUR,MARKETPLACE_SUB_SELLER,SELLER-12-7,EUR,LIABILITY,NL,ACTIVE
MARKETPLACE_SUB_SELLER.SELLER-12-8.EUR,MARKETPLACE_SUB_SELLER,SELLER-12-8,EUR,LIABILITY,NL,ACTIVE
MARKETPLACE_SUB_SELLER.SELLER-12-9.EUR,MARKETPLACE_SUB_SELLER,SELLER-12-9,EUR,LIABILITY,NL,ACTIVE
MARKETPLACE_SUB_SELLER.SELLER-12-10.EUR,MARKETPLACE_SUB_SELLER,SELLER-12-10,EUR,LIABILITY,NL,ACTIVE
MARKETPLACE_OPERATOR.MARKETPLACE-13.EUR,MARKETPLACE_OPERATOR,MARKETPLACE-13,EUR,LIABILITY,NL,ACTIVE
PLATFORM_COMMISSION_ESCROW.MARKETPLACE-13.EUR,PLATFORM_COMMISSION_ESCROW,MARKETPLACE-13,EUR,LIABILITY,NL,ACTIVE
MARKETPLACE_SUB_SELLER.SELLER-13-1.EUR,MARKETPLACE_SUB_SELLER,SELLER-13-1,EUR,LIABILITY,NL,ACTIVE
MARKETPLACE_SUB_SELLER.SELLER-13-2.EUR,MARKETPLACE_SUB_SELLER,SELLER-13-2,EUR,LIABILITY,NL,ACTIVE
MARKETPLACE_SUB_SELLER.SELLER-13-3.EUR,MARKETPLACE_SUB_SELLER,SELLER-13-3,EUR,LIABILITY,NL,ACTIVE
MARKETPLACE_SUB_SELLER.SELLER-13-4.EUR,MARKETPLACE_SUB_SELLER,SELLER-13-4,EUR,LIABILITY,NL,ACTIVE
MARKETPLACE_SUB_SELLER.SELLER-13-5.EUR,MARKETPLACE_SUB_SELLER,SELLER-13-5,EUR,LIABILITY,NL,ACTIVE
MARKETPLACE_SUB_SELLER.SELLER-13-6.EUR,MARKETPLACE_SUB_SELLER,SELLER-13-6,EUR,LIABILITY,NL,ACTIVE
MARKETPLACE_SUB_SELLER.SELLER-13-7.EUR,MARKETPLACE_SUB_SELLER,SELLER-13-7,EUR,LIABILITY,NL,ACTIVE
MARKETPLACE_SUB_SELLER.SELLER-13-8.EUR,MARKETPLACE_SUB_SELLER,SELLER-13-8,EUR,LIABILITY,NL,ACTIVE
MARKETPLACE_SUB_SELLER.SELLER-13-9.EUR,MARKETPLACE_SUB_SELLER,SELLER-13-9,EUR,LIABILITY,NL,ACTIVE
MARKETPLACE_SUB_SELLER.SELLER-13-10.EUR,MARKETPLACE_SUB_SELLER,SELLER-13-10,EUR,LIABILITY,NL,ACTIVE
MARKETPLACE_OPERATOR.MARKETPLACE-14.EUR,MARKETPLACE_OPERATOR,MARKETPLACE-14,EUR,LIABILITY,NL,ACTIVE
PLATFORM_COMMISSION_ESCROW.MARKETPLACE-14.EUR,PLATFORM_COMMISSION_ESCROW,MARKETPLACE-14,EUR,LIABILITY,NL,ACTIVE
MARKETPLACE_SUB_SELLER.SELLER-14-1.EUR,MARKETPLACE_SUB_SELLER,SELLER-14-1,EUR,LIABILITY,NL,ACTIVE
MARKETPLACE_SUB_SELLER.SELLER-14-2.EUR,MARKETPLACE_SUB_SELLER,SELLER-14-2,EUR,LIABILITY,NL,ACTIVE
MARKETPLACE_SUB_SELLER.SELLER-14-3.EUR,MARKETPLACE_SUB_SELLER,SELLER-14-3,EUR,LIABILITY,NL,ACTIVE
MARKETPLACE_SUB_SELLER.SELLER-14-4.EUR,MARKETPLACE_SUB_SELLER,SELLER-14-4,EUR,LIABILITY,NL,ACTIVE
MARKETPLACE_SUB_SELLER.SELLER-14-5.EUR,MARKETPLACE_SUB_SELLER,SELLER-14-5,EUR,LIABILITY,NL,ACTIVE
MARKETPLACE_SUB_SELLER.SELLER-14-6.EUR,MARKETPLACE_SUB_SELLER,SELLER-14-6,EUR,LIABILITY,NL,ACTIVE
MARKETPLACE_SUB_SELLER.SELLER-14-7.EUR,MARKETPLACE_SUB_SELLER,SELLER-14-7,EUR,LIABILITY,NL,ACTIVE
MARKETPLACE_SUB_SELLER.SELLER-14-8.EUR,MARKETPLACE_SUB_SELLER,SELLER-14-8,EUR,LIABILITY,NL,ACTIVE
MARKETPLACE_SUB_SELLER.SELLER-14-9.EUR,MARKETPLACE_SUB_SELLER,SELLER-14-9,EUR,LIABILITY,NL,ACTIVE
MARKETPLACE_SUB_SELLER.SELLER-14-10.EUR,MARKETPLACE_SUB_SELLER,SELLER-14-10,EUR,LIABILITY,NL,ACTIVE
MARKETPLACE_OPERATOR.MARKETPLACE-15.EUR,MARKETPLACE_OPERATOR,MARKETPLACE-15,EUR,LIABILITY,NL,ACTIVE
PLATFORM_COMMISSION_ESCROW.MARKETPLACE-15.EUR,PLATFORM_COMMISSION_ESCROW,MARKETPLACE-15,EUR,LIABILITY,NL,ACTIVE
MARKETPLACE_SUB_SELLER.SELLER-15-1.EUR,MARKETPLACE_SUB_SELLER,SELLER-15-1,EUR,LIABILITY,NL,ACTIVE
MARKETPLACE_SUB_SELLER.SELLER-15-2.EUR,MARKETPLACE_SUB_SELLER,SELLER-15-2,EUR,LIABILITY,NL,ACTIVE
MARKETPLACE_SUB_SELLER.SELLER-15-3.EUR,MARKETPLACE_SUB_SELLER,SELLER-15-3,EUR,LIABILITY,NL,ACTIVE
MARKETPLACE_SUB_SELLER.SELLER-15-4.EUR,MARKETPLACE_SUB_SELLER,SELLER-15-4,EUR,LIABILITY,NL,ACTIVE
MARKETPLACE_SUB_SELLER.SELLER-15-5.EUR,MARKETPLACE_SUB_SELLER,SELLER-15-5,EUR,LIABILITY,NL,ACTIVE
MARKETPLACE_SUB_SELLER.SELLER-15-6.EUR,MARKETPLACE_SUB_SELLER,SELLER-15-6,EUR,LIABILITY,NL,ACTIVE
MARKETPLACE_SUB_SELLER.SELLER-15-7.EUR,MARKETPLACE_SUB_SELLER,SELLER-15-7,EUR,LIABILITY,NL,ACTIVE
MARKETPLACE_SUB_SELLER.SELLER-15-8.EUR,MARKETPLACE_SUB_SELLER,SELLER-15-8,EUR,LIABILITY,NL,ACTIVE
MARKETPLACE_SUB_SELLER.SELLER-15-9.EUR,MARKETPLACE_SUB_SELLER,SELLER-15-9,EUR,LIABILITY,NL,ACTIVE
MARKETPLACE_SUB_SELLER.SELLER-15-10.EUR,MARKETPLACE_SUB_SELLER,SELLER-15-10,EUR,LIABILITY,NL,ACTIVE
